{"amf_arr":[2,2.0154266357421875,2.0641777515411377,2.154700517654419,2.3054072856903076,2.5557236671447754,3.000000238418579,3.92380428314209],"mr_ch4_arr":[[1324.4588623046875,1655.667724609375,1904.01171875,2152.355712890625,2400.699462890625,2649.04345703125,3145.731201171875,4966.8779296875,8278.0869140625],[1324.473388671875,1655.6234130859375,1904.000732421875,2152.31640625,2400.632080078125,2649.00927734375,3145.70263671875,4966.80712890625,8278.052734375],[1324.4700927734375,1655.6346435546875,1903.9766845703125,2152.31884765625,2400.660888671875,2649.002685546875,3145.68701171875,4966.8408203125,8278.0478515625],[1324.48486328125,1655.639404296875,1903.9742431640625,2152.30859375,2400.697509765625,2649.032470703125,3145.70166015625,4966.85546875,8278.0712890625],[1324.5185546875,1655.6588134765625,1904.007080078125,2152.355224609375,2400.703369140625,2649.05126953125,3145.747802734375,4966.9140625,8278.2177734375],[1324.5355224609375,1655.7359619140625,1904.0950927734375,2152.41455078125,2400.77392578125,2649.133056640625,3145.851806640625,4967.10595703125,8278.3564453125],[1324.66259765625,1655.8587646484375,1904.23291015625,2152.607421875,2400.981201171875,2649.355712890625,3146.104248046875,4967.51513671875,8279.017578125],[1324.99609375,1656.294189453125,1904.7333984375,2153.17236328125,2401.6318359375,2650.071044921875,3146.94921875,4968.783203125,8281.353515625]],"background_concentration":1800,"S2A":{"transmittance_b12":[[65.02705623964088,64.51397837996956,64.14639393451257,63.7914378582936,63.44857246136359,63.11712776846911,62.4841468631756,60.43983504953149,57.48350623985696],[65.03231387845678,64.51569578262342,64.1453477169044,63.78832457412577,63.44316691428133,63.109477400715335,62.47271365267468,60.416940217415075,57.446595976820056],[65.04855909432678,64.52031275499834,64.14209022918017,63.777323239617445,63.42520458099075,63.08485679830395,62.43575253748532,60.344228117349395,57.330818561312114],[65.0787550948209,64.52901872410354,64.13602576146423,63.75741520600387,63.39228701470357,63.03980608257928,62.3682471334004,60.211643393001935,57.12036008948857],[65.12863462735456,64.54346054045868,64.12594444074496,63.72467672279294,63.33844635813523,62.965958179093256,62.25793926958785,59.996171206481904,56.780587448106026],[65.2101719448635,64.56668617700956,64.10953090342275,63.671240048233436,63.25051018466755,62.84589762678628,62.07888183653853,59.649912176684346,56.240214962446125],[65.35489854186272,64.60794875023362,64.08054501723623,63.57767459230789,63.09724516354656,62.63690023773197,61.76973763298941,59.05811880565227,55.33144880590676],[65.67101170396839,64.6963438683753,64.01740096510832,63.376082920972095,62.76876420832998,62.19135230856808,61.11516089986409,57.836435260010894,53.50773090362968]],"transmittance_b11":[[0.9937514644786364,0.9924213229411903,0.9914712021529113,0.9905606694705741,0.9896838151399343,0.9888355026776765,0.987213743117276,0.9819763919951897,0.9741579185053515],[0.9937083005410389,0.9923691652998288,0.9914161801520454,0.9905005102676614,0.9896171534449818,0.9887648824880781,0.9871354704232569,0.981871656002492,0.9740190825975154],[0.993571320875228,0.9922106786166193,0.9912387877148116,0.9903079097476567,0.9894103097647293,0.9885448287729601,0.9868888183038531,0.9815470967827373,0.9735787423361554],[0.9933193914442624,0.9919146688648144,0.990913907520298,0.9899532406050046,0.9890279860197465,0.988137484345598,0.9864365742247194,0.9809507675761604,0.972775711242883],[0.9929049721957116,0.9914287659713736,0.9903781933128775,0.9893747213106641,0.988407663429963,0.987474185453345,0.9857014573590079,0.9799829952827173,0.9714683259283097],[0.9922282647073076,0.9906397305886998,0.989513310506367,0.988434186367175,0.9874019815645831,0.9864069160148383,0.984514501360646,0.9784244216869726,0.9693601094811995],[0.9910398724165125,0.9892617170249579,0.988006505196504,0.9868099158387326,0.9856633276728487,0.9845603743707608,0.9824675378182561,0.9757423851613286,0.9657047827422499],[0.9884927348186907,0.9863310874482438,0.9848125300167271,0.9833700157678885,0.9819878558921942,0.9806611025864008,0.9781441462074161,0.9700393856437579,0.9578944394445136]],"transmittance_b12_bg":[64.29872674581468,64.29872674581468,64.29872674581468,64.29872674581468,64.29872674581468,64.29872674581468,64.29872674581468,64.29872674581468],"transmittance_b11_bg":[[0.9918641744297862],[0.9918103409906507],[0.9916405114184019],[0.9913277479907758],[0.9908121582901556],[0.9899794512561201],[0.9885256647174794],[0.9854426729528148]]},"S2B":{"transmittance_b12":[[66.78359985520478,66.3853740955284,66.09880548093155,65.8209789225477,65.55172345096018,65.29077390970701,64.79044596733596,63.159856805919205,60.771258402306735],[66.78777587355843,66.38674800987316,66.09797129211111,65.8185177613991,65.54743971945591,65.2846837186033,64.7812910811707,63.14134193436512,60.7410566790972],[66.80059156297251,66.39041361514889,66.09537495509265,65.80973042231089,65.53307211825108,65.26495142960316,64.75159845052131,63.08236334276996,60.646221355162616],[66.82444965011955,66.39734692033586,66.09053255561663,65.79382592081765,65.50675254168452,65.22883634464593,64.69728683353958,62.97476473735999,60.47367094843515],[66.86402685022458,66.40885638765006,66.08248952866487,65.76767388896577,65.4636105708478,65.16954519407169,64.6084048420458,62.799589110650594,60.19468414918785],[66.92877795393454,66.42736016768468,66.0693695522791,65.7248033812782,65.39292970592118,65.07288634337958,64.46368182074393,62.51746661840324,59.75011423577007],[67.04426318848584,66.46042310653996,66.04608594634918,65.64946084808352,65.26930235051165,64.90401085872244,64.21325364948495,62.033978048553166,59.000524389738146],[67.29777942020836,66.53157049943609,65.99516073000089,65.48646825634214,65.00332680041994,64.54263797894392,63.68071919124931,61.032156855193136,57.49014368711451]],"transmittance_b11":[[0.9943657808217813,0.9931623861125463,0.9923021473155377,0.9914771309468506,0.9906820641908053,0.9899125670529134,0.988439833587692,0.9836741836488162,0.9765396116901468],[0.9943267795526152,0.9931151548437136,0.9922523428072585,0.9914226474897636,0.9906216280731605,0.9898484027355411,0.9883686497722831,0.983578728366356,0.9764128167302265],[0.994202893928374,0.9929718096888316,0.9920916530179026,0.9912480667410832,0.9904340217434422,0.9896487604849238,0.9881445110520964,0.9832830037766106,0.9760104812749376],[0.993975013201796,0.9927036821540595,0.9917972536766319,0.9909263319028011,0.9900870013396366,0.9892787398422589,0.9877333677942715,0.982739307528611,0.9752766340413366],[0.9935999550046831,0.992263521535546,0.9913113879980726,0.99040142301219,0.9895236785637395,0.988676019267296,0.9870646927885417,0.9818564439811461,0.9740813828243976],[0.9929871922843346,0.9915479770860095,0.9905264799059932,0.9895470166245199,0.9886095846584539,0.9877052980946922,0.9859839779492401,0.9804337079286862,0.9721533116248317],[0.9919095198420355,0.9902966736678176,0.9891571341806719,0.9880697787513276,0.9870271511660316,0.9860236105685506,0.9841178486617221,0.9779834775869648,0.9688087511888845],[0.989594930830546,0.9876298687921352,0.9862481870312254,0.9849346141714603,0.9836752599374033,0.9824660066424199,0.9801702260738073,0.972768152272351,0.9616582268646608]],"transmittance_b12_bg":[66.21770360606666,66.21770360606666,66.21770360606666,66.21770360606666,66.21770360606666,66.21770360606666,66.21770360606666,66.21770360606666],"transmittance_b11_bg":[[0.9926580182360267],[0.9926092836939762],[0.9924555312981235],[0.9921721840956803],[0.9917047590908268],[0.9909493136652485],[0.9896285814344565],[0.986821671128255]]},